model,variant,train_start,n_train,adj_r2,aic,test_rmse,test_mae,test_mape%,test_dir_hit,test_r2,p[ONI_lag12],p[PRCP_DEV_3m],p[TAVG_DEV_3m],p[TAVG_DEV_10m],p[INTX_West_10m]
M0_baseline,full,2010-01,168,0.6228423460463307,-696.4198464482537,0.04189233456998853,0.03701491122652563,11.295954850047965,0.8214285714285714,0.14241514448505044,0.002878113812860644,0.036495641654611444,0.3196171267372797,,
M1_3factor,full,2010-01,168,0.6271513246179372,-698.3502737974314,0.04451457671634002,0.040186772204499094,12.341913406869397,0.8214285714285714,0.03169433538350419,0.16078276906269687,0.04102638225925,,0.09839511671009207,
M2_spatial,full,2010-01,168,0.6374005595314352,-702.142001577823,0.031040927614922265,0.02505073552008301,7.715712561887764,0.8928571428571429,0.5291556553166875,0.33176471584395884,0.01825619703263275,,0.5597915083187788,0.02273682010058827
M0_baseline,real,2015-01,108,0.6612676782620659,-457.12480451948363,0.06014609263337927,0.05557593495369775,17.029047734401388,0.8571428571428571,-0.7677580108639694,2.7564858129482846e-05,0.11966607403922007,0.2832220879326486,,
M1_3factor,real,2015-01,108,0.656980195308474,-455.7663804067463,0.0628310534068966,0.05922922027651652,18.20218361374348,0.8571428571428571,-0.9291085168100743,0.000434968188655348,0.22458835012376807,,0.9796186534857474,
M2_spatial,real,2015-01,108,0.6763298656731578,-461.2175555474274,0.041976677145539536,0.033299932615512354,10.134631498923188,0.9285714285714286,0.13895848690010792,0.002443554327725122,0.5554585196975502,,0.2695116316451435,0.012460751495501405
