{
  "model_name": "M2_spatial",
  "variant": "full",
  "features": [
    "ONI_lag12",
    "PRCP_DEV_3m",
    "TAVG_DEV_10m",
    "INTX_West_10m"
  ],
  "structure": "const + Trend + month_2..12 + climate features",
  "trained_window": "2010-01..2023-12",
  "test_window": "2024-01..2026-05",
  "intercept": 0.259946393479724,
  "coef": {
    "Trend": 1.970594140939609e-06,
    "ONI_lag12": -0.00327241567205628,
    "PRCP_DEV_3m": -0.000168095401676527,
    "TAVG_DEV_10m": -0.009222518747734713,
    "INTX_West_10m": 0.0010021892385876168,
    "month_2": -0.01968752406925773,
    "month_3": 0.01886551059039616,
    "month_4": 0.03143513261372938,
    "month_5": 0.04763880477788541,
    "month_6": 0.047649076641125866,
    "month_7": 0.06847019207157694,
    "month_8": 0.08933913921688047,
    "month_9": 0.09999603509695483,
    "month_10": 0.1061689463592413,
    "month_11": 0.07269235186928125,
    "month_12": 0.03958968282558756
  },
  "p_values": {
    "const": 2.401323200963619e-64,
    "Trend": 0.9702243872963279,
    "ONI_lag12": 0.33176471584395884,
    "PRCP_DEV_3m": 0.01825619703263275,
    "TAVG_DEV_10m": 0.5597915083187788,
    "INTX_West_10m": 0.02273682010058827,
    "month_2": 0.07022304994115475,
    "month_3": 0.08291403048358915,
    "month_4": 0.00423758686202031,
    "month_5": 1.9976828629382263e-05,
    "month_6": 1.9932663511434474e-05,
    "month_7": 2.638802211012655e-09,
    "month_8": 7.093063675506514e-14,
    "month_9": 2.1883190713186504e-16,
    "month_10": 6.770343632065231e-18,
    "month_11": 3.440801287319952e-10,
    "month_12": 0.0003484078287207489
  },
  "metrics": {
    "train_adj_r2": 0.6374005595314352,
    "train_aic": -702.142001577823,
    "test_rmse": 0.031040927614922265,
    "test_mae": 0.02505073552008301,
    "test_mape_pct": 7.715712561887764,
    "test_dir_hit": 0.8928571428571429,
    "test_r2": 0.5291556553166875
  },
  "feature_notes": {
    "ONI_lag12": "12 个月前 ONI (El Nino 偏暖 -> 约一年后单产偏低)",
    "PRCP_DEV_3m": "全国降水 3 月滚动距平 (mm/月)",
    "TAVG_DEV_10m": "全国气温 10 月滚动距平 (°C), 温度主效应窗口",
    "INTX_West_10m": "西马 温度距平×降水距平 (10月窗口) 空间交互, 捕捉又热又旱复合胁迫"
  }
}