{
  "model_name": "M2_spatial",
  "variant": "real",
  "features": [
    "ONI_lag12",
    "PRCP_DEV_3m",
    "TAVG_DEV_10m",
    "INTX_West_10m"
  ],
  "structure": "const + Trend + month_2..12 + climate features",
  "trained_window": "2015-01..2023-12",
  "test_window": "2024-01..2026-05",
  "intercept": 0.32479413739487495,
  "coef": {
    "Trend": -0.0005706448714072807,
    "ONI_lag12": -0.012994914111368928,
    "PRCP_DEV_3m": 5.213069601846632e-05,
    "TAVG_DEV_10m": 0.020809023036129047,
    "INTX_West_10m": 0.001246019110438699,
    "month_2": -0.01571415079305149,
    "month_3": 0.027041629424004888,
    "month_4": 0.04179427589767226,
    "month_5": 0.055898955187416104,
    "month_6": 0.05307757714593228,
    "month_7": 0.06978861573344966,
    "month_8": 0.09367796212754559,
    "month_9": 0.0986791704242112,
    "month_10": 0.10654868903171658,
    "month_11": 0.07290310041553372,
    "month_12": 0.04510501391005245
  },
  "p_values": {
    "const": 4.909456722553966e-36,
    "Trend": 2.210257297208975e-06,
    "ONI_lag12": 0.002443554327725122,
    "PRCP_DEV_3m": 0.5554585196975502,
    "TAVG_DEV_10m": 0.2695116316451435,
    "INTX_West_10m": 0.012460751495501405,
    "month_2": 0.21439490297136488,
    "month_3": 0.034540774868926996,
    "month_4": 0.001344306320309504,
    "month_5": 2.531341711468358e-05,
    "month_6": 6.273609890868793e-05,
    "month_7": 3.1148541654132567e-07,
    "month_8": 6.481642039736131e-11,
    "month_9": 8.90628743805845e-12,
    "month_10": 4.3700997072923455e-13,
    "month_11": 1.0608689213727378e-07,
    "month_12": 0.0005795645687955011
  },
  "metrics": {
    "train_adj_r2": 0.6763298656731578,
    "train_aic": -461.2175555474274,
    "test_rmse": 0.041976677145539536,
    "test_mae": 0.033299932615512354,
    "test_mape_pct": 10.134631498923188,
    "test_dir_hit": 0.9285714285714286,
    "test_r2": 0.13895848690010792
  },
  "feature_notes": {
    "ONI_lag12": "12 个月前 ONI (El Nino 偏暖 -> 约一年后单产偏低)",
    "PRCP_DEV_3m": "全国降水 3 月滚动距平 (mm/月)",
    "TAVG_DEV_10m": "全国气温 10 月滚动距平 (°C), 温度主效应窗口",
    "INTX_West_10m": "西马 温度距平×降水距平 (10月窗口) 空间交互, 捕捉又热又旱复合胁迫"
  }
}