model,variant,train_start,n_train,adj_r2,aic,test_rmse,test_mae,test_mape%,test_dir_hit,test_r2,p[ONI_lag12],p[PRCP_DEV_3m],p[TAVG_DEV_3m],p[TAVG_DEV_10m],p[INTX_West_10m]
M0_baseline,full,2010-01,168,0.7009115875182925,-693.4162840817368,0.06277219812207561,0.060455471551718924,18.81955737913796,0.8214285714285714,-0.925496129363903,7.052031493621252e-08,0.2159977525366385,0.04903845681785048,,
M1_3factor,full,2010-01,168,0.7069358361518934,-696.834689166741,0.06692099688246073,0.06456577226951889,20.18368574167629,0.8214285714285714,-1.188430605781169,0.003821164477591199,0.3661977235249312,,0.00835020631891456,
M2_spatial,full,2010-01,168,0.7127631286540625,-699.3177771062418,0.04550001231967348,0.039607864531310086,12.149394902200122,0.8571428571428571,-0.011651674777817256,0.012184110393722615,0.2380157731641538,,0.10665553882641046,0.04506644057517426
M0_baseline,real,2015-01,108,0.6612676782620659,-457.12480451948363,0.06014609263337927,0.05557593495369775,17.029047734401388,0.8571428571428571,-0.7677580108639694,2.7564858129482846e-05,0.11966607403922007,0.2832220879326486,,
M1_3factor,real,2015-01,108,0.656980195308474,-455.7663804067463,0.0628310534068966,0.05922922027651652,18.20218361374348,0.8571428571428571,-0.9291085168100743,0.000434968188655348,0.22458835012376807,,0.9796186534857474,
M2_spatial,real,2015-01,108,0.6763298656731578,-461.2175555474274,0.041976677145539536,0.033299932615512354,10.134631498923188,0.9285714285714286,0.13895848690010792,0.002443554327725122,0.5554585196975502,,0.2695116316451435,0.012460751495501405
